config_id,model_family,data_type,hp_desired_time_headway,hp_max_acceleration,hp_comfort_deceleration,hp_speed_limit_factor,hp_k_lateral,hp_repulsion_strength,hp_interaction_sigma,hp_relaxation_time,hp_stage,hp_module,hp_variant,safety_score,efficiency_score,comfort_score,compliance_score,interaction_score,avg_velocity,max_acceleration,jerk_mean,jerk_max,ttc_mean,ttc_min,collision_ratio,num_interventions,num_traffic_violations,mean_l2_error,max_l2_error,odd_cosine
idm_000,IDM,simulated_closed_loop,0.5000,1.0000,1.0000,,,,,,,,,97.6700,47.6400,85.0200,100.0000,74.8400,9.7476,1.8110,0.2069,3.7426,90.7185,70.1387,0.0000,0.4000,0.0000,42.2199,99.8602,0.7484
idm_001,IDM,simulated_closed_loop,0.5000,1.0000,3.0000,,,,,,,,,97.8000,47.6600,85.8000,100.0000,74.8400,9.7774,1.7643,0.1976,3.4843,90.4598,70.0557,0.0000,0.2000,0.0000,42.5618,100.4377,0.7484
idm_002,IDM,simulated_closed_loop,0.5000,1.0000,4.0000,,,,,,,,,97.7700,47.6600,85.5600,100.0000,74.8400,9.7814,1.7835,0.1992,3.4924,90.3944,70.0405,0.0000,0.2000,0.0000,42.6071,100.5129,0.7484
idm_003,IDM,simulated_closed_loop,0.5000,2.0000,1.0000,,,,,,,,,97.8600,48.4400,82.3600,100.0000,74.8400,11.3499,1.9389,0.2471,3.7539,91.1029,79.9815,0.0000,0.4000,0.0000,60.3281,130.3954,0.7484
idm_004,IDM,simulated_closed_loop,0.5000,2.0000,2.0000,,,,,,,,,98.3200,48.4300,81.9200,100.0000,74.8400,11.3623,1.9891,0.2459,3.9242,91.0045,79.9403,0.0000,0.0000,0.0000,60.4782,130.6914,0.7484
idm_005,IDM,simulated_closed_loop,0.5000,2.0000,3.0000,,,,,,,,,98.3700,48.4300,81.1700,100.0000,74.8400,11.3665,2.0471,0.2515,3.9641,91.1000,79.9170,0.0000,0.0000,0.0000,60.5372,130.8217,0.7484
idm_006,IDM,simulated_closed_loop,0.5000,2.0000,4.0000,,,,,,,,,98.3500,48.4200,80.6800,100.0000,74.8400,11.3686,2.0864,0.2550,4.0523,91.0598,79.9041,0.0000,0.0000,0.0000,60.5680,130.8967,0.7484
idm_007,IDM,simulated_closed_loop,0.5000,3.0000,4.0000,,,,,,,,,88.1100,46.8800,62.7800,100.0000,74.8400,11.7176,3.3437,0.4206,7.0239,91.1080,79.9135,0.1000,0.2000,0.0000,66.9243,139.0497,0.7484
idm_008,IDM,simulated_closed_loop,0.5000,4.0000,2.0000,,,,,,,,,87.8700,46.1600,50.8300,100.0000,74.8400,11.9273,4.0607,0.5632,8.8542,91.1357,79.9452,0.1000,0.4000,0.0000,70.4436,142.9831,0.7484
idm_009,IDM,simulated_closed_loop,0.5000,4.0000,3.0000,,,,,,,,,88.0500,46.1700,53.7000,100.0000,74.8400,11.9319,3.9976,0.5007,8.8086,90.9685,79.9374,0.1000,0.2000,0.0000,70.4840,143.0737,0.7484
idm_010,IDM,simulated_closed_loop,1.0000,1.0000,1.0000,,,,,,,,,97.5600,47.5300,83.5900,100.0000,74.8400,9.7161,1.8959,0.2242,3.9447,90.7564,70.1740,0.0000,0.5000,0.0000,41.9953,99.3805,0.7484
idm_011,IDM,simulated_closed_loop,1.0000,1.0000,2.0000,,,,,,,,,97.7700,47.4700,85.5400,100.0000,74.8400,9.7185,1.7567,0.2067,3.5843,90.3924,70.1226,0.0000,0.2000,0.0000,42.1129,99.4591,0.7484
idm_012,IDM,simulated_closed_loop,1.0000,1.0000,4.0000,,,,,,,,,97.7300,47.4200,85.9000,100.0000,74.8400,9.7149,1.7389,0.2016,3.4089,90.3176,70.0846,0.0000,0.2000,0.0000,42.1479,99.4230,0.7484
idm_013,IDM,simulated_closed_loop,1.0000,2.0000,1.0000,,,,,,,,,97.8000,48.1900,72.8600,100.0000,74.8400,11.2956,2.6358,0.3273,5.5433,90.9815,80.0233,0.0000,0.4000,0.0000,60.0269,129.9394,0.7484
idm_014,IDM,simulated_closed_loop,1.0000,2.0000,2.0000,,,,,,,,,98.1200,48.1800,75.1700,100.0000,74.8400,11.3071,2.4849,0.3029,5.1370,90.8538,79.9948,0.0000,0.1000,0.0000,60.1669,130.1990,0.7484
idm_015,IDM,simulated_closed_loop,1.0000,2.0000,3.0000,,,,,,,,,98.0900,48.1800,75.3800,100.0000,74.8400,11.3111,2.4789,0.2988,5.0631,90.8001,79.9702,0.0000,0.1000,0.0000,60.2256,130.3138,0.7484
idm_016,IDM,simulated_closed_loop,1.0000,3.0000,1.0000,,,,,,,,,87.6300,46.7800,61.3500,100.0000,74.8400,11.6711,3.3553,0.4570,7.2305,90.8952,80.0187,0.1000,0.5000,0.0000,66.4997,138.1541,0.7484
idm_017,IDM,simulated_closed_loop,1.0000,3.0000,2.0000,,,,,,,,,87.9400,46.7900,64.6400,100.0000,74.8400,11.6811,3.2311,0.3986,6.8059,90.7447,79.9994,0.1000,0.2000,0.0000,66.6051,138.3655,0.7484
idm_018,IDM,simulated_closed_loop,1.0000,3.0000,4.0000,,,,,,,,,87.9400,46.7900,65.1500,100.0000,74.8400,11.6870,3.2088,0.3906,6.9109,90.7531,79.9764,0.1000,0.2000,0.0000,66.6769,138.5141,0.7484
idm_019,IDM,simulated_closed_loop,1.0000,4.0000,1.0000,,,,,,,,,87.3300,46.0800,45.0500,100.0000,74.8400,11.8903,4.2216,0.6805,9.2868,91.3428,80.0121,0.1000,0.9000,0.0000,70.1101,142.2692,0.7484
idm_020,IDM,simulated_closed_loop,1.0000,4.0000,2.0000,,,,,,,,,87.9900,46.0900,50.5800,100.0000,74.8400,11.8977,3.9930,0.5876,8.6691,91.1149,79.9935,0.1000,0.3000,0.0000,70.1940,142.4520,0.7484
idm_021,IDM,simulated_closed_loop,1.0000,4.0000,4.0000,,,,,,,,,88.0900,46.0700,51.0900,100.0000,74.8400,11.9006,3.9990,0.5721,8.5170,91.0602,79.9696,0.1000,0.2000,0.0000,70.2482,142.5807,0.7484
idm_022,IDM,simulated_closed_loop,1.5000,1.0000,3.0000,,,,,,,,,97.7000,47.2100,85.6800,100.0000,74.8400,9.6490,1.7353,0.2084,3.6236,90.2587,70.1420,0.0000,0.2000,0.0000,41.6472,98.3826,0.7484
idm_023,IDM,simulated_closed_loop,1.5000,1.0000,4.0000,,,,,,,,,97.6800,47.1800,85.8700,100.0000,74.8400,9.6457,1.7255,0.2059,3.5421,90.2227,70.1265,0.0000,0.2000,0.0000,41.6495,98.3499,0.7484
idm_024,IDM,simulated_closed_loop,1.5000,2.0000,3.0000,,,,,,,,,98.0000,48.0100,74.9000,100.0000,74.8400,11.2677,2.5048,0.3051,5.0097,90.6115,80.0199,0.0000,0.1000,0.0000,59.9357,129.7558,0.7484
idm_025,IDM,simulated_closed_loop,1.5000,3.0000,4.0000,,,,,,,,,87.8600,46.6700,64.1700,100.0000,74.8400,11.6485,3.2025,0.4190,6.9248,90.5902,80.0233,0.1000,0.2000,0.0000,66.3832,137.9296,0.7484
idm_026,IDM,simulated_closed_loop,1.5000,4.0000,3.0000,,,,,,,,,88.2200,45.9200,42.4800,100.0000,74.8400,11.8548,4.3508,0.7177,9.2477,91.5852,80.0233,0.1000,0.3000,0.0000,69.9105,141.9486,0.7484
idm_027,IDM,simulated_closed_loop,2.0000,1.0000,1.0000,,,,,,,,,97.3500,47.1500,79.8300,100.0000,74.8400,9.6020,2.1388,0.2645,4.4305,90.3238,70.1740,0.0000,0.5000,0.0000,41.1644,97.6996,0.7484
idm_028,IDM,simulated_closed_loop,2.0000,2.0000,2.0000,,,,,,,,,97.8600,47.8800,70.6100,100.0000,74.8400,11.2237,2.7818,0.3511,5.5638,90.5811,80.0233,0.0000,0.2000,0.0000,59.6004,129.1257,0.7484
idm_029,IDM,simulated_closed_loop,2.0000,2.0000,3.0000,,,,,,,,,97.9800,47.7900,72.3400,100.0000,74.8400,11.2179,2.6805,0.3298,5.3610,90.5765,80.0233,0.0000,0.1000,0.0000,59.6422,129.1858,0.7484
idm_030,IDM,simulated_closed_loop,2.0000,3.0000,2.0000,,,,,,,,,87.8200,46.5900,53.4500,100.0000,74.8400,11.6099,3.6207,0.6054,8.0254,91.2951,80.0233,0.1000,0.5000,0.0000,66.0368,137.2408,0.7484
idm_031,IDM,simulated_closed_loop,2.0000,3.0000,3.0000,,,,,,,,,88.2100,46.5400,55.6500,100.0000,74.8400,11.6066,3.5059,0.5750,7.5569,91.3004,80.0233,0.1000,0.2000,0.0000,66.0583,137.2975,0.7484
idm_032,IDM,simulated_closed_loop,2.0000,4.0000,2.0000,,,,,,,,,87.8300,45.7600,28.8200,100.0000,74.8400,11.8083,4.6513,1.0157,9.8391,92.0954,80.0233,0.1000,0.8000,0.0000,69.5772,141.3022,0.7484
idm_033,IDM,simulated_closed_loop,2.5000,1.0000,1.0000,,,,,,,,,96.9800,46.9300,77.2900,100.0000,74.8400,9.5429,2.3141,0.2889,4.8180,89.8291,70.1740,0.0000,0.6000,0.0000,40.7618,96.9326,0.7484
idm_034,IDM,simulated_closed_loop,2.5000,1.0000,3.0000,,,,,,,,,97.6000,46.7800,81.8700,100.0000,74.8400,9.5171,2.0065,0.2429,4.1772,90.0474,70.1623,0.0000,0.2000,0.0000,40.6727,96.6104,0.7484
idm_035,IDM,simulated_closed_loop,2.5000,2.0000,2.0000,,,,,,,,,97.2500,47.6100,67.3100,100.0000,74.8400,11.1723,2.9972,0.3860,6.2041,89.8651,80.0233,0.0000,0.4000,0.0000,59.3613,128.6658,0.7484
idm_036,IDM,simulated_closed_loop,2.5000,2.0000,4.0000,,,,,,,,,97.5800,47.4500,70.1300,100.0000,74.8400,11.1582,2.8193,0.3547,6.0124,90.0062,80.0233,0.0000,0.2000,0.0000,59.4037,128.7090,0.7484
idm_037,IDM,simulated_closed_loop,2.5000,3.0000,2.0000,,,,,,,,,87.7800,46.4000,43.7500,100.0000,74.8400,11.5683,3.9249,0.7935,8.7217,91.7378,80.0233,0.1000,0.7000,0.0000,65.7951,136.7560,0.7484
idm_038,IDM,simulated_closed_loop,2.5000,3.0000,4.0000,,,,,,,,,88.1100,46.2800,51.0100,100.0000,74.8400,11.5549,3.7211,0.6467,7.8565,91.3666,80.0233,0.1000,0.3000,0.0000,65.8079,136.7916,0.7484
idm_039,IDM,simulated_closed_loop,2.5000,4.0000,3.0000,,,,,,,,,88.0100,45.4500,27.0300,100.0000,74.8400,11.7521,4.6516,1.0650,10.7670,92.4742,80.0233,0.1000,0.8000,0.0000,69.3428,140.8172,0.7484
idm_040,IDM,simulated_closed_loop,3.0000,1.0000,2.0000,,,,,,,,,97.1900,46.6000,77.7800,100.0000,74.8400,9.4601,2.2991,0.2793,4.7624,89.7292,70.1740,0.0000,0.4000,0.0000,40.2427,95.9164,0.7484
idm_041,IDM,simulated_closed_loop,3.0000,1.0000,4.0000,,,,,,,,,97.4500,46.5200,79.9500,100.0000,74.8400,9.4517,2.1565,0.2568,4.4773,89.7453,70.1616,0.0000,0.2000,0.0000,40.2414,95.8987,0.7484
idm_042,IDM,simulated_closed_loop,3.0000,2.0000,2.0000,,,,,,,,,97.4200,47.2800,62.4000,100.0000,74.8400,11.1267,3.2396,0.4581,7.1915,90.2091,80.0233,0.0000,0.4000,0.0000,59.2696,128.4119,0.7484
idm_043,IDM,simulated_closed_loop,3.0000,2.0000,3.0000,,,,,,,,,97.4200,47.2600,64.8400,100.0000,74.8400,11.1236,3.1132,0.4238,6.8182,89.9504,80.0233,0.0000,0.3000,0.0000,59.2598,128.3758,0.7484
idm_044,IDM,simulated_closed_loop,3.0000,2.0000,4.0000,,,,,,,,,97.2900,47.2400,66.5500,100.0000,74.8400,11.1211,3.0418,0.3952,6.5753,89.6800,80.0233,0.0000,0.3000,0.0000,59.2569,128.3607,0.7484
idm_045,IDM,simulated_closed_loop,3.0000,3.0000,1.0000,,,,,,,,,87.3500,46.1600,33.4200,100.0000,74.8400,11.5386,4.1564,1.0178,9.3906,92.1665,80.0233,0.1000,1.2000,0.0000,65.7802,136.7218,0.7484
idm_046,IDM,simulated_closed_loop,3.0000,3.0000,3.0000,,,,,,,,,88.0400,45.9700,39.2500,100.0000,74.8400,11.5133,3.9593,0.9085,8.4764,92.0145,80.0233,0.1000,0.6000,0.0000,65.7480,136.6253,0.7484
idm_047,IDM,simulated_closed_loop,3.0000,4.0000,1.0000,,,,,,,,,87.6700,45.1700,14.6900,100.0000,74.8400,11.7210,4.9172,1.3357,11.3454,93.0908,80.0233,0.1000,1.3000,0.0000,69.3549,140.8271,0.7484
idm_048,IDM,simulated_closed_loop,3.0000,4.0000,2.0000,,,,,,,,,87.8300,45.1900,19.6900,100.0000,74.8400,11.7198,4.7647,1.2375,10.9840,92.8933,80.0233,0.1000,1.1000,0.0000,69.3226,140.7718,0.7484
idm_049,IDM,simulated_closed_loop,3.0000,4.0000,4.0000,,,,,,,,,88.1800,45.1800,23.1700,100.0000,74.8400,11.7176,4.6730,1.1656,10.7185,92.8289,80.0233,0.1000,0.8000,0.0000,69.3095,140.7406,0.7484
pdm_000,PDM,simulated_closed_loop,,3.0000,1.0000,0.6000,0.5000,,,,,,,71.7300,35.1200,19.2200,0.0000,86.5300,6.9493,4.8535,1.2275,11.4148,89.8467,50.4925,0.2000,4.7000,0.2000,26.2266,52.6862,0.8653
pdm_001,PDM,simulated_closed_loop,,3.0000,4.0000,0.6000,0.5000,,,,,,,73.3100,35.8800,27.5000,0.0000,86.5300,7.0395,4.2687,1.1515,9.7378,91.2470,50.5561,0.2000,4.0000,0.2000,26.2392,51.9990,0.8653
pdm_002,PDM,simulated_closed_loop,,3.0000,1.0000,0.6000,1.0000,,,,,,,74.0900,34.9100,33.1400,0.0000,86.5300,7.2080,4.3311,0.9802,10.6405,93.3700,50.7958,0.2000,4.2000,0.2000,29.6150,61.3284,0.8653
pdm_003,PDM,simulated_closed_loop,,3.0000,2.0000,0.6000,1.0000,,,,,,,75.1000,34.7100,40.3500,0.0000,86.5300,7.2647,4.2761,0.7957,9.9006,94.1213,50.7484,0.2000,3.7000,0.2000,30.5887,65.0945,0.8653
pdm_004,PDM,simulated_closed_loop,,3.0000,3.0000,0.6000,1.0000,,,,,,,75.0900,34.5400,40.5800,0.0000,86.5300,7.2648,4.2778,0.7890,9.8456,94.1169,50.7262,0.2000,3.7000,0.2000,30.8189,65.3342,0.8653
pdm_005,PDM,simulated_closed_loop,,3.0000,4.0000,0.6000,2.0000,,,,,,,63.4200,32.8000,39.6300,0.0000,86.5300,6.9956,4.1502,0.8484,9.9853,94.1106,50.6462,0.3000,5.0000,0.2000,30.0310,61.8726,0.8653
pdm_006,PDM,simulated_closed_loop,,3.0000,2.0000,0.6000,4.0000,,,,,,,62.8300,30.1400,41.4200,0.0000,86.5300,6.8288,4.1565,0.7974,9.5477,94.2106,45.3263,0.3000,5.5000,0.2000,31.7702,69.9944,0.8653
pdm_007,PDM,simulated_closed_loop,,3.0000,3.0000,0.6000,4.0000,,,,,,,62.9500,29.9200,42.3700,0.0000,86.5300,6.8485,4.1436,0.7746,9.3864,94.4498,45.3144,0.3000,5.5000,0.2000,32.3037,72.0440,0.8653
pdm_008,PDM,simulated_closed_loop,,3.0000,2.0000,0.7000,0.5000,,,,,,,73.1500,39.4800,25.3900,50.0000,86.5300,7.7338,4.6350,1.1145,10.6912,92.2276,50.5733,0.2000,4.5000,0.1000,29.5191,56.3161,0.8653
pdm_009,PDM,simulated_closed_loop,,3.0000,4.0000,0.7000,0.5000,,,,,,,70.6500,38.9900,11.1800,50.0000,86.5300,7.6814,5.0999,1.3848,12.9121,92.1102,50.3369,0.2000,6.4000,0.1000,29.5724,56.7516,0.8653
pdm_010,PDM,simulated_closed_loop,,3.0000,1.0000,0.7000,1.0000,,,,,,,73.8100,40.7400,35.6700,50.0000,86.5300,8.3377,4.6119,0.8372,10.9648,93.0658,50.6144,0.2000,4.3000,0.1000,34.9968,66.8868,0.8653
pdm_011,PDM,simulated_closed_loop,,3.0000,2.0000,0.7000,1.0000,,,,,,,74.7100,41.6300,33.2200,50.0000,86.5300,8.3687,4.6747,0.8884,11.8299,93.8500,50.6888,0.2000,3.9000,0.1000,34.1105,65.9434,0.8653
pdm_012,PDM,simulated_closed_loop,,3.0000,1.0000,0.7000,2.0000,,,,,,,63.2100,40.3300,12.2600,50.0000,86.5300,8.1386,5.6644,1.2081,14.6085,92.6259,40.6612,0.3000,4.6000,0.1000,33.1852,67.8609,0.8653
pdm_013,PDM,simulated_closed_loop,,3.0000,2.0000,0.7000,2.0000,,,,,,,74.3300,40.3000,24.7300,50.0000,86.5300,8.2094,5.1225,1.0056,13.2525,93.8580,40.7928,0.2000,4.2000,0.1000,34.0681,69.7894,0.8653
pdm_014,PDM,simulated_closed_loop,,3.0000,4.0000,0.7000,2.0000,,,,,,,64.3500,40.7000,26.5700,50.0000,86.5300,8.2101,5.1188,0.9559,13.2213,93.3824,40.7508,0.3000,4.0000,0.1000,33.5241,66.5770,0.8653
pdm_015,PDM,simulated_closed_loop,,3.0000,1.0000,0.7000,4.0000,,,,,,,60.5600,35.4400,17.3900,50.0000,86.5300,7.6050,5.5999,1.0835,13.9424,91.9231,33.0225,0.3000,6.4000,0.1000,33.6363,72.2880,0.8653
pdm_016,PDM,simulated_closed_loop,,3.0000,2.0000,0.7000,4.0000,,,,,,,61.5500,35.9100,22.9200,50.0000,86.5300,7.7006,5.3632,0.9930,12.9577,92.9057,33.1777,0.3000,6.0000,0.1000,34.1295,73.0489,0.8653
pdm_017,PDM,simulated_closed_loop,,3.0000,4.0000,0.7000,4.0000,,,,,,,62.0600,35.3600,29.2400,50.0000,86.5300,7.7189,4.9524,0.9256,12.2380,93.4077,33.2982,0.3000,5.8000,0.1000,35.1150,76.9354,0.8653
pdm_018,PDM,simulated_closed_loop,,3.0000,4.0000,0.8000,0.5000,,,,,,,83.7400,50.3900,12.6600,50.0000,86.5300,9.3562,4.7220,1.4423,11.4815,92.3982,50.6414,0.1000,4.1000,0.1000,33.6763,64.4542,0.8653
pdm_019,PDM,simulated_closed_loop,,3.0000,4.0000,0.8000,2.0000,,,,,,,75.4500,47.3200,35.8100,50.0000,86.5300,9.5473,4.8659,0.7672,11.8298,94.3286,50.5736,0.2000,3.5000,0.1000,40.2679,82.1915,0.8653
pdm_020,PDM,simulated_closed_loop,,3.0000,1.0000,0.9000,0.5000,,,,,,,69.1200,55.0400,13.7600,50.0000,86.5300,9.6811,5.2223,1.2818,12.5491,88.1723,41.3609,0.2000,6.1000,0.1000,31.0445,62.7815,0.8653
pdm_021,PDM,simulated_closed_loop,,3.0000,2.0000,0.9000,1.0000,,,,,,,82.3500,51.3700,36.8200,50.0000,86.5300,10.4406,4.3811,0.8657,10.5564,89.2785,54.8155,0.1000,4.0000,0.1000,45.3072,91.5596,0.8653
pdm_022,PDM,simulated_closed_loop,,3.0000,3.0000,0.9000,1.0000,,,,,,,81.3400,48.8800,39.9700,50.0000,86.5300,10.1603,4.5765,0.7281,10.4781,86.4102,54.6656,0.1000,3.7000,0.1000,45.4319,92.0711,0.8653
pdm_023,PDM,simulated_closed_loop,,3.0000,2.0000,0.9000,2.0000,,,,,,,68.5600,45.5500,28.1100,50.0000,86.5300,9.5849,5.0280,0.9373,12.4727,88.8606,43.5740,0.2000,6.8000,0.1000,43.2119,89.5482,0.8653
pdm_024,PDM,simulated_closed_loop,,3.0000,2.0000,0.9000,4.0000,,,,,,,68.8700,45.4500,19.5900,50.0000,86.5300,9.5329,5.6207,1.0175,13.2625,87.1319,41.7621,0.2000,5.9000,0.1000,42.7182,90.4886,0.8653
pdm_025,PDM,simulated_closed_loop,,3.0000,1.0000,1.0000,0.5000,,,,,,,67.4500,55.4800,8.3800,100.0000,86.5300,10.2953,5.0508,1.4746,12.5587,86.5905,41.1073,0.2000,6.8000,0.0000,37.8047,75.4566,0.8653
pdm_026,PDM,simulated_closed_loop,,3.0000,2.0000,1.0000,1.0000,,,,,,,71.3500,55.4300,29.8500,100.0000,86.5300,11.2567,4.9474,0.9103,12.2883,86.9594,43.7390,0.2000,3.9000,0.0000,49.4005,104.9185,0.8653
pdm_027,PDM,simulated_closed_loop,,3.0000,4.0000,1.0000,1.0000,,,,,,,72.0400,55.1300,36.3900,100.0000,86.5300,11.4383,4.4639,0.8561,11.3454,87.3303,43.6878,0.2000,3.5000,0.0000,51.9942,109.2770,0.8653
pdm_028,PDM,simulated_closed_loop,,3.0000,2.0000,1.0000,2.0000,,,,,,,61.0500,56.3300,16.6000,100.0000,86.5300,11.3344,5.5494,1.1186,14.1523,86.6154,32.5824,0.3000,4.0000,0.0000,49.0708,100.1447,0.8653
pdm_029,PDM,simulated_closed_loop,,3.0000,4.0000,1.0000,2.0000,,,,,,,61.7500,54.3900,26.1600,100.0000,86.5300,11.2734,5.2037,0.9451,13.3186,86.9986,32.5612,0.3000,3.6000,0.0000,51.0520,105.5691,0.8653
pdm_030,PDM,simulated_closed_loop,,3.0000,2.0000,1.1000,0.5000,,,,,,,68.7800,61.9200,13.0500,100.0000,86.5300,11.1974,4.7334,1.4288,11.5819,84.8392,37.0390,0.2000,5.1000,0.0000,39.5876,84.4221,0.8653
pdm_031,PDM,simulated_closed_loop,,3.0000,4.0000,1.1000,0.5000,,,,,,,69.7600,62.0400,19.8000,100.0000,86.5300,11.3332,4.7567,1.2366,11.8706,83.7113,37.0983,0.2000,3.9000,0.0000,41.0511,85.5516,0.8653
pdm_032,PDM,simulated_closed_loop,,3.0000,2.0000,1.1000,1.0000,,,,,,,82.2100,55.9400,43.7900,100.0000,86.5300,12.3311,4.2466,0.7086,10.4827,87.6832,53.1671,0.1000,3.5000,0.0000,61.5677,130.1033,0.8653
pdm_033,PDM,simulated_closed_loop,,3.0000,3.0000,1.1000,1.0000,,,,,,,82.1900,58.5500,48.5300,100.0000,86.5300,12.3797,4.0198,0.6371,9.4631,87.3633,53.1473,0.1000,3.4000,0.0000,58.4979,123.4510,0.8653
pdm_034,PDM,simulated_closed_loop,,3.0000,4.0000,1.1000,1.0000,,,,,,,81.7100,57.1100,46.9400,100.0000,86.5300,12.1462,3.8969,0.7129,9.7941,86.1194,53.1114,0.1000,3.3000,0.0000,57.7049,123.7381,0.8653
pdm_035,PDM,simulated_closed_loop,,3.0000,1.0000,1.1000,2.0000,,,,,,,56.1600,52.2700,12.5800,100.0000,86.5300,10.9181,5.7984,1.1646,14.7654,85.5263,32.2154,0.3000,7.4000,0.0000,49.7760,105.6290,0.8653
pdm_036,PDM,simulated_closed_loop,,3.0000,3.0000,1.1000,2.0000,,,,,,,56.7100,51.6900,16.4600,100.0000,86.5300,10.9865,5.5597,1.1196,14.4370,85.6043,32.0964,0.3000,7.0000,0.0000,51.4057,107.7979,0.8653
pdm_037,PDM,simulated_closed_loop,,3.0000,1.0000,1.1000,4.0000,,,,,,,47.1800,53.2400,11.4700,100.0000,86.5300,11.0298,5.9379,1.1589,15.1307,84.9891,30.7436,0.4000,6.4000,0.0000,49.7498,109.9061,0.8653
pdm_038,PDM,simulated_closed_loop,,3.0000,2.0000,1.1000,4.0000,,,,,,,58.2300,54.9000,27.8300,100.0000,86.5300,11.3841,5.0994,0.9263,12.9379,85.5584,31.7078,0.3000,5.8000,0.0000,51.6738,108.9380,0.8653
pdm_039,PDM,simulated_closed_loop,,3.0000,4.0000,1.1000,4.0000,,,,,,,47.7000,54.6300,25.3000,100.0000,86.5300,11.3757,4.7193,1.0951,11.9480,84.4788,31.5928,0.4000,5.8000,0.0000,51.9496,106.9971,0.8653
sfm_000,SFM,simulated_closed_loop,,,,,,1.0000,0.3000,0.5000,,,,55.7000,43.8300,58.3600,100.0000,92.9100,6.7265,3.6001,0.4757,7.1868,77.9998,13.1083,0.2000,12.7000,0.0000,11.3406,17.6939,0.9291
sfm_001,SFM,simulated_closed_loop,,,,,,1.0000,0.3000,1.0000,,,,66.4400,43.8900,58.0800,100.0000,92.9100,6.7349,3.6000,0.4834,7.0967,77.4216,11.8398,0.1000,11.9000,0.0000,11.3552,17.5654,0.9291
sfm_002,SFM,simulated_closed_loop,,,,,,1.0000,0.5000,0.5000,,,,56.4600,43.5100,58.0100,100.0000,92.9100,6.6774,3.6000,0.4854,7.1867,79.8205,13.1084,0.2000,12.8000,0.0000,11.2003,17.3592,0.9291
sfm_003,SFM,simulated_closed_loop,,,,,,1.0000,0.5000,1.0000,,,,66.1300,43.3800,57.8800,100.0000,92.9100,6.6470,3.6000,0.4889,7.1051,76.2477,11.7776,0.1000,11.7000,0.0000,11.0158,16.9069,0.9291
sfm_004,SFM,simulated_closed_loop,,,,,,1.0000,1.0000,0.3000,,,,55.2700,44.1500,57.0000,100.0000,92.9100,6.7381,4.0000,0.4090,7.9400,80.5409,11.8883,0.2000,14.0000,0.0000,11.0298,17.1706,0.9291
sfm_005,SFM,simulated_closed_loop,,,,,,1.0000,2.0000,0.3000,,,,49.7300,45.0400,56.5500,100.0000,92.9100,6.8500,4.0000,0.4214,7.5562,73.3920,1.0458,0.2000,15.6000,0.0000,11.1135,17.7862,0.9291
sfm_006,SFM,simulated_closed_loop,,,,,,1.0000,2.0000,0.5000,,,,39.4800,45.9200,52.6800,100.0000,92.9100,6.9787,4.0000,0.5280,7.7416,70.7677,2.2063,0.3000,14.8000,0.0000,11.4248,17.9569,0.9291
sfm_007,SFM,simulated_closed_loop,,,,,,1.0000,2.0000,1.0000,,,,59.2300,45.2300,53.8400,100.0000,92.9100,6.8795,4.0000,0.4962,7.5657,68.9460,0.8836,0.1000,14.3000,0.0000,11.2006,17.3438,0.9291
sfm_008,SFM,simulated_closed_loop,,,,,,1.0000,2.0000,2.0000,,,,50.8300,43.4300,46.0100,100.0000,92.9100,6.6390,4.0000,0.7117,7.4123,71.4231,11.2535,0.2000,14.0000,0.0000,10.8407,16.3652,0.9291
sfm_009,SFM,simulated_closed_loop,,,,,,2.0000,0.3000,0.5000,,,,56.4700,44.0400,57.9300,100.0000,92.9100,6.7567,3.6001,0.4875,7.1868,79.0637,13.1083,0.2000,12.5000,0.0000,11.4063,17.9989,0.9291
sfm_010,SFM,simulated_closed_loop,,,,,,2.0000,1.0000,1.0000,,,,67.6100,43.6000,56.9500,100.0000,92.9100,6.6865,3.6002,0.5146,7.1211,79.0198,11.8173,0.1000,11.6000,0.0000,11.1801,17.0092,0.9291
sfm_011,SFM,simulated_closed_loop,,,,,,2.0000,1.0000,2.0000,,,,58.8900,42.4300,50.2200,100.0000,92.9100,6.5326,3.6002,0.6998,6.9199,79.5571,21.3754,0.2000,10.8000,0.0000,10.9735,16.4126,0.9291
sfm_012,SFM,simulated_closed_loop,,,,,,2.0000,2.0000,0.3000,,,,51.4700,45.1700,56.4000,100.0000,92.9100,6.8709,4.0000,0.4255,7.8981,75.6321,1.0526,0.2000,15.1000,0.0000,11.1821,17.5867,0.9291
sfm_013,SFM,simulated_closed_loop,,,,,,4.0000,0.3000,0.3000,,,,51.9100,44.4200,55.9800,100.0000,92.9100,6.7718,4.0000,0.4371,7.9308,74.1821,2.0217,0.2000,14.2000,0.0000,11.0546,17.4653,0.9291
sfm_014,SFM,simulated_closed_loop,,,,,,4.0000,0.3000,1.0000,,,,66.5000,43.3800,57.0600,100.0000,92.9100,6.6620,3.6000,0.5115,7.0968,77.5395,11.8409,0.1000,11.9000,0.0000,11.1922,17.3908,0.9291
sfm_015,SFM,simulated_closed_loop,,,,,,4.0000,0.3000,2.0000,,,,60.2100,42.6700,53.9300,100.0000,92.9100,6.5696,3.6000,0.5978,6.9338,81.7229,22.8206,0.2000,10.6000,0.0000,11.0743,16.5499,0.9291
sfm_016,SFM,simulated_closed_loop,,,,,,4.0000,0.5000,0.5000,,,,56.1600,43.5800,57.7500,100.0000,92.9100,6.7034,3.6001,0.4925,7.1868,79.2042,12.8406,0.2000,12.8000,0.0000,11.4101,17.5335,0.9291
sfm_017,SFM,simulated_closed_loop,,,,,,4.0000,0.5000,1.0000,,,,65.9900,43.1100,57.3800,100.0000,92.9100,6.6262,3.6000,0.5028,7.1308,76.4896,11.8684,0.1000,11.9000,0.0000,11.1391,17.0068,0.9291
sfm_018,SFM,simulated_closed_loop,,,,,,4.0000,1.0000,2.0000,,,,60.4600,42.7400,52.3800,100.0000,92.9100,6.5674,3.6016,0.6399,6.9359,81.7274,23.3215,0.2000,10.4000,0.0000,10.9607,16.3375,0.9291
sfm_019,SFM,simulated_closed_loop,,,,,,4.0000,2.0000,0.3000,,,,50.9800,45.1600,55.7300,100.0000,92.9100,6.8798,4.0000,0.4441,7.7797,75.1583,1.0773,0.2000,15.3000,0.0000,11.3114,17.7409,0.9291
sfm_020,SFM,simulated_closed_loop,,,,,,4.0000,2.0000,2.0000,,,,51.3800,43.2900,46.1500,100.0000,92.9100,6.6266,4.0000,0.7077,7.6290,72.2883,2.1094,0.2000,13.9000,0.0000,10.8969,16.3689,0.9291
sfm_021,SFM,simulated_closed_loop,,,,,,8.0000,0.3000,2.0000,,,,60.7200,42.8300,52.1400,100.0000,92.9100,6.6017,3.6000,0.6470,6.9338,81.9881,22.8199,0.2000,10.3000,0.0000,11.2348,16.8699,0.9291
sfm_022,SFM,simulated_closed_loop,,,,,,8.0000,0.5000,0.3000,,,,51.6500,45.1200,56.4100,100.0000,92.9100,6.8796,4.0000,0.4254,7.8341,73.9129,1.2459,0.2000,14.3000,0.0000,11.3613,17.7694,0.9291
sfm_023,SFM,simulated_closed_loop,,,,,,8.0000,0.5000,0.5000,,,,55.9700,43.6700,57.7400,100.0000,92.9100,6.7120,3.6003,0.4928,7.1868,78.2899,12.8440,0.2000,12.6000,0.0000,11.3901,17.9182,0.9291
sfm_024,SFM,simulated_closed_loop,,,,,,8.0000,1.0000,0.3000,,,,50.7900,44.9600,56.4900,100.0000,92.9100,6.8339,4.0000,0.4230,7.5782,73.7076,1.0745,0.2000,14.9000,0.0000,11.0359,17.5588,0.9291
sfm_025,SFM,simulated_closed_loop,,,,,,8.0000,1.0000,1.0000,,,,61.3500,44.0800,52.6100,100.0000,92.9100,6.7370,4.0000,0.5299,7.5448,74.0789,2.1594,0.1000,14.6000,0.0000,11.1053,17.1493,0.9291
sfm_026,SFM,simulated_closed_loop,,,,,,8.0000,2.0000,0.3000,,,,39.4600,46.3500,54.4100,100.0000,92.9100,7.0312,4.0000,0.4804,7.6360,69.6841,0.9709,0.3000,14.4000,0.0000,11.4618,18.1428,0.9291
sfm_027,SFM,simulated_closed_loop,,,,,,8.0000,2.0000,0.5000,,,,47.9400,46.0100,52.7100,100.0000,92.9100,6.9911,4.0000,0.5272,7.5395,67.6124,0.8738,0.2000,14.8000,0.0000,11.4541,18.0945,0.9291
sfm_028,SFM,simulated_closed_loop,,,,,,8.0000,2.0000,1.0000,,,,61.3800,46.9800,52.5700,100.0000,92.9100,7.1284,4.0000,0.5310,7.5631,70.9733,1.6753,0.1000,13.4000,0.0000,11.7384,18.3530,0.9291
sfm_029,SFM,simulated_closed_loop,,,,,,8.0000,2.0000,2.0000,,,,64.7400,45.1200,48.6300,100.0000,92.9100,6.8567,4.0000,0.6397,7.2487,73.6613,1.2168,0.1000,11.8000,0.0000,11.0900,16.6052,0.9291
uniad_000,UniAD,published_open_loop,,,,,,,,,2.0000,full,,60.9200,72.5100,95.8900,90.0000,98.6000,9.2000,0.7685,0.1790,0.5370,15.4000,15.2350,0.0033,0.1650,0.0200,0.7833,1.2800,0.9860
uniad_001,UniAD,published_open_loop,,,,,,,,,1.0000,full,,61.2600,72.4500,96.3400,90.0000,98.6000,9.2000,0.7550,0.1700,0.5100,16.0000,15.8500,0.0030,0.1500,0.0200,0.8633,1.3800,0.9860
uniad_002,UniAD,published_open_loop,,,,,,,,,2.0000,wo_tracking,,59.7800,72.3400,94.3700,90.0000,98.6000,9.2000,0.8135,0.2090,0.6270,13.4000,13.1850,0.0043,0.2150,0.0200,1.0133,1.5900,0.9860
uniad_003,UniAD,published_open_loop,,,,,,,,,2.0000,wo_motion_pred,,60.8100,72.4200,95.7300,90.0000,98.6000,9.2000,0.7730,0.1820,0.5460,15.2000,15.0300,0.0034,0.1700,0.0200,0.9067,1.4600,0.9860
uniad_004,UniAD,published_open_loop,,,,,,,,,2.0000,wo_occ_pred,,60.6900,72.4100,95.5800,90.0000,98.6000,9.2000,0.7775,0.1850,0.5550,15.0000,14.8250,0.0035,0.1750,0.0200,0.9100,1.4700,0.9860
uniad_005,UniAD,published_open_loop,,,,,,,,,2.0000,wo_planning_head,,60.3500,72.3700,95.1300,90.0000,98.6000,9.2000,0.7910,0.1940,0.5820,14.4000,14.2100,0.0038,0.1900,0.0200,0.9733,1.5500,0.9860
uniad_006,UniAD,published_open_loop,,,,,,,,,2.0000,wo_map_seg,,60.1200,72.3800,94.8300,90.0000,98.6000,9.2000,0.8000,0.2000,0.6000,14.0000,13.8000,0.0040,0.2000,0.0200,0.9533,1.5200,0.9860
uniad_007,UniAD,published_open_loop,,,,,,,,,2.0000,full_ego_status,,61.0300,72.5000,96.0400,90.0000,98.6000,9.2000,0.7640,0.1760,0.5280,15.6000,15.4400,0.0032,0.1600,0.0200,0.7933,1.2900,0.9860
uniad_008,UniAD,published_open_loop,,,,,,,,,2.0000,lighter_encoder,,60.6900,72.4700,95.5800,90.0000,98.6000,9.2000,0.7775,0.1850,0.5550,15.0000,14.8250,0.0035,0.1750,0.0200,0.8367,1.3500,0.9860
uniad_009,UniAD,published_open_loop,,,,,,,,,1.0000,no_pretrain,,59.2100,72.2800,93.6100,90.0000,98.6000,9.2000,0.8360,0.2240,0.6720,12.4000,12.1600,0.0048,0.2400,0.0200,1.0933,1.7200,0.9860
uniad_010,UniAD,published_open_loop,,,,,,,,,2.0000,longer_seq,,61.1500,72.5200,96.1900,90.0000,98.6000,9.2000,0.7595,0.1730,0.5190,15.8000,15.6450,0.0031,0.1550,0.0200,0.7600,1.2400,0.9860
uniad_011,UniAD,published_open_loop,,,,,,,,,2.0000,strong_aug,,60.8100,72.4800,95.7300,90.0000,98.6000,9.2000,0.7730,0.1820,0.5460,15.2000,15.0300,0.0034,0.1700,0.0200,0.8233,1.3300,0.9860
vad_000,VAD,published_open_loop,,,,,,,,,,,Base,61.0300,75.3700,99.8700,92.5000,99.7500,9.5000,0.6500,0.1000,0.3000,15.0000,14.9200,0.0016,0.0640,0.0150,0.3700,0.6000,0.9975
vad_001,VAD,published_open_loop,,,,,,,,,,,Tiny,60.8900,75.3400,99.7500,92.5000,99.7500,9.5000,0.6538,0.1025,0.3075,14.7500,14.6650,0.0017,0.0680,0.0150,0.4100,0.6500,0.9975
vad_002,VAD,published_open_loop,,,,,,,,,,,Base,60.6100,75.2800,99.5000,92.5000,99.7500,9.5000,0.6613,0.1075,0.3225,14.2500,14.1550,0.0019,0.0760,0.0150,0.4900,0.7800,0.9975
vad_003,VAD,published_open_loop,,,,,,,,,,,Base,60.0700,75.1800,98.9900,92.5000,99.7500,9.5000,0.6763,0.1175,0.3525,13.2500,13.1350,0.0023,0.0920,0.0150,0.6233,0.9900,0.9975
vad_004,VAD,published_open_loop,,,,,,,,,,,Base,60.7500,75.3100,99.6200,92.5000,99.7500,9.5000,0.6575,0.1050,0.3150,14.5000,14.4100,0.0018,0.0720,0.0150,0.4467,0.7100,0.9975
vad_005,VAD,published_open_loop,,,,,,,,,,,Base,60.2000,75.2200,99.1200,92.5000,99.7500,9.5000,0.6725,0.1150,0.3450,13.5000,13.3900,0.0022,0.0880,0.0150,0.5700,0.9100,0.9975
vad_006,VAD,published_open_loop,,,,,,,,,,,Base,60.8900,75.3500,99.7500,92.5000,99.7500,9.5000,0.6538,0.1025,0.3075,14.7500,14.6650,0.0017,0.0680,0.0150,0.3967,0.6300,0.9975
vad_007,VAD,published_open_loop,,,,,,,,,,,Base,61.0300,75.3600,99.8700,92.5000,99.7500,9.5000,0.6500,0.1000,0.3000,15.0000,14.9200,0.0016,0.0640,0.0150,0.3800,0.6100,0.9975
vad_008,VAD,published_open_loop,,,,,,,,,,,Tiny,60.4800,75.2400,99.3700,92.5000,99.7500,9.5000,0.6650,0.1100,0.3300,14.0000,13.9000,0.0020,0.0800,0.0150,0.5433,0.8600,0.9975
vad_009,VAD,published_open_loop,,,,,,,,,,,Base,61.1600,75.3700,100.0000,92.5000,99.7500,9.5000,0.6462,0.0975,0.2925,15.2500,15.1750,0.0015,0.0600,0.0150,0.3567,0.5800,0.9975
vad_010,VAD,published_open_loop,,,,,,,,,,,Base,60.8900,75.3500,99.7500,92.5000,99.7500,9.5000,0.6538,0.1025,0.3075,14.7500,14.6650,0.0017,0.0680,0.0150,0.3900,0.6300,0.9975
vad_011,VAD,published_open_loop,,,,,,,,,,,Base,60.7500,75.3200,99.6200,92.5000,99.7500,9.5000,0.6575,0.1050,0.3150,14.5000,14.4100,0.0018,0.0720,0.0150,0.4367,0.7000,0.9975
